Team_id,Team,Player,Position,Matchs,On_start_%,Goals,Assists,Total_Points,Points_Average,Last_5_games_points,J_31,J_32,J_33,J_34,J_35,Avg_last_5_games,Value
1,Athletic Club,Unai Simón,PT,31,89,0,0,144,4.6,"['1', '7', '-', '8', '6']",1,7,0,8,6,4.4,3150000
1,Athletic Club,Agirrezabala,PT,32,11,4,9,20,5,"['-', '-', '4', '-', '-']",0,0,4,0,0,0.8,350000
1,Athletic Club,Ezkieta,PT,35,0,8,4,0,0,"['-', '-', '-', '-', '-']",0,0,0,0,0,0.0,180000
1,Athletic Club,Iñigo Martínez,DF,31,66,0,0,129,5.4,"['-', '2', '-', '5', '7']",0,2,0,5,7,2.8,5430000
1,Athletic Club,Daniel Vivian,DF,29,57,0,0,112,5.1,"['4', '1', '-', '4', '-']",4,1,0,4,0,1.8,2900000
1,Athletic Club,Yeray Álvarez,DF,24,57,3,0,95,4.5,"['3', '2', '2', '6', '5']",3,2,2,6,5,3.6,2650000
1,Athletic Club,De Marcos,DF,26,49,0,0,92,4.6,"['-', '4', '4', '2', '5']",0,4,4,2,5,3.0,1470000
1,Athletic Club,Lekue,DF,31,60,2,6,82,3.6,"['-', '-', '2', '-', '-']",0,0,2,0,0,0.4,1110000
1,Athletic Club,Balenziaga,DF,32,66,6,2,81,3.1,"['-', '2', '0', '2', '-']",0,2,0,2,0,0.8,960000
1,Athletic Club,Yuri Berchiche,DF,23,23,0,2,63,5.7,"['1', '5', '-', '5', '7']",1,5,0,5,7,3.6,4290000
1,Athletic Club,Álex Petxarroman,DF,22,3,2,1,27,1.8,"['0', '2', '-', '-', '2']",0,2,0,0,2,0.8,520000
1,Athletic Club,Unai Núñez,DF,21,20,0,0,24,2.7,"['-', '-', '-1', '-', '-']",0,0,-1,0,0,-0.2,490000
1,Athletic Club,Capa,DF,20,0,1,2,0,0,"['-', '-', '-', '-', '-']",0,0,0,0,0,0.0,480000
1,Athletic Club,Muniain,MD,27,89,6,4,224,7,"['4', '15', '6', '6', '7']",4,15,6,6,7,7.6,10510000
1,Athletic Club,Álex Berenguer,MD,30,63,2,0,124,4,"['4', '-', '-', '2', '4']",4,0,0,2,4,2.0,4400000
1,Athletic Club,Unai Vencedor,MD,32,74,0,0,100,3.2,"['5', '2', '4', '4', '2']",5,2,4,4,2,3.4,1750000
1,Athletic Club,Mikel Vesga,MD,28,46,1,0,90,3,"['3', '2', '-', '5', '6']",3,2,0,5,6,3.2,1380000
1,Athletic Club,Dani García,MD,11,71,1,2,79,2.7,"['-', '2', '2', '4', '2']",0,2,2,4,2,2.0,940000
1,Athletic Club,Nico Williams,MD,9,26,0,0,75,2.3,"['2', '2', '0', '5', '1']",2,2,0,5,1,2.0,3630000
1,Athletic Club,Zarraga,MD,4,23,0,0,70,2.5,"['2', '2', '1', '1', '2']",2,2,1,1,2,1.6,770000
1,Athletic Club,Nico Serrano,MD,13,9,1,0,39,3,"['4', '-', '3', '-', '-']",4,0,3,0,0,1.4,500000
1,Athletic Club,Williams,DL,16,86,1,0,171,4.9,"['4', '3', '3', '10', '-1']",4,3,3,10,-1,3.8,9290000
1,Athletic Club,Raúl García,DL,15,63,0,0,149,4.7,"['5', '10', '5', '5', '4']",5,10,5,5,4,5.8,6060000
1,Athletic Club,Sancet,DL,7,46,0,0,128,4.7,"['2', '-', '8', '-', '-']",2,0,8,0,0,2.0,4130000
1,Athletic Club,Villalibre,DL,1,6,0,0,43,2.7,"['2', '-', '-', '-', '2']",2,0,0,0,2,0.8,670000
2,Club Atlético de Madrid,Oblak,PT,35,100,0,0,120,3.4,"['3', '7', '6', '2', '11']",3,7,6,2,11,5.8,4250000
2,Club Atlético de Madrid,Lecomte,PT,27,0,0,2,0,0,"['-', '-', '-', '-', '-']",0,0,0,0,0,0.0,220000
2,Club Atlético de Madrid,Savic,DF,28,71,1,1,109,4.4,"['1', '6', '4', '-', '6']",1,6,4,0,6,3.4,3840000
2,Club Atlético de Madrid,José Giménez,DF,31,63,6,5,105,4.8,"['-', '-', '2', '4', '6']",0,0,2,4,6,2.4,3550000
2,Club Atlético de Madrid,Mario Hermoso,DF,25,60,0,0,98,3.8,"['-', '9', '-', '2', '-']",0,9,0,2,0,2.2,2080000
2,Club Atlético de Madrid,Renan Lodi,DF,22,37,0,1,86,3.1,"['2', '5', '2', '1', '-']",2,5,2,1,0,2.0,3350000
2,Club Atlético de Madrid,Felipe,DF,33,40,1,1,74,3.2,"['4', '-', '-', '-', '4']",4,0,0,0,4,1.6,1730000
2,Club Atlético de Madrid,Vrsaljko,DF,26,26,2,1,73,3.7,"['2', '3', '3', '1', '4']",2,3,3,1,4,2.6,1400000
2,Club Atlético de Madrid,Reinildo Mandava,DF,33,34,11,5,55,3.9,"['4', '5', '4', '2', '5']",4,5,4,2,5,4.0,4250000
2,Club Atlético de Madrid,Ferreira Carrasco,MD,32,71,11,2,177,5.7,"['17', '8', '-', '0', '9']",17,8,0,0,9,6.8,9240000
2,Club Atlético de Madrid,Rodrigo de Paul,MD,25,60,1,2,155,4.7,"['3', '7', '2', '4', '-']",3,7,2,4,0,3.2,6910000
2,Club Atlético de Madrid,Kondogbia,MD,23,51,3,2,120,4.8,"['-1', '-', '5', '4', '5']",-1,0,5,4,5,2.6,3930000
2,Club Atlético de Madrid,Lemar,MD,23,49,4,5,114,5,"['2', '-', '5', '-', '-']",2,0,5,0,0,1.4,4410000
2,Club Atlético de Madrid,Marcos Llorente,MD,23,77,2,1,113,4.2,"['3', '2', '5', '5', '5']",3,2,5,5,5,4.0,6820000
2,Club Atlético de Madrid,Koke,MD,24,74,8,4,110,3.9,"['4', '4', '1', '3', '5']",4,4,1,3,5,3.4,3900000
2,Club Atlético de Madrid,Daniel Wass,MD,28,54,2,1,76,3.8,"['-', '-', '-', '-', '-']",0,0,0,0,0,0.0,2840000
2,Club Atlético de Madrid,Héctor Herrera,MD,14,23,0,0,69,3.6,"['-', '-', '6', '1', '-']",0,0,6,1,0,1.4,2160000
2,Club Atlético de Madrid,Carlos Martín,MD,15,0,0,0,3,3,"['-', '-', '-', '-', '-']",0,0,0,0,0,0.0,270000
2,Club Atlético de Madrid,Javi Serrano,MD,20,3,1,2,0,0,"['-', '4', '-', '-', '-']",0,4,0,0,0,0.8,580000
2,Club Atlético de Madrid,Correa,DL,19,60,0,0,172,5.2,"['3', '4', '2', '4', '2']",3,4,2,4,2,3.0,11940000
2,Club Atlético de Madrid,Luis Suárez,DL,26,54,5,4,163,5.1,"['-', '5', '2', '3', '-']",0,5,2,3,0,2.0,11130000
2,Club Atlético de Madrid,João Félix,DL,3,37,0,1,150,6.3,"['1', '-', '6', '-', '-']",1,0,6,0,0,1.4,12900000
2,Club Atlético de Madrid,Griezmann,DL,5,60,0,0,128,4.9,"['2', '4', '-', '7', '5']",2,4,0,7,5,3.6,11150000
2,Club Atlético de Madrid,Matheus Cunha,DL,1,17,0,0,117,4.5,"['7', '0', '2', '2', '6']",7,0,2,2,6,3.4,5360000
3,CA Osasuna,Sergio Herrera,PT,34,97,0,0,167,4.9,"['4', '17', '1', '3', '2']",4,17,1,3,2,5.4,3850000
3,CA Osasuna,Juan Pérez,PT,33,3,4,0,-2,-2,"['-', '-', '-', '-', '-']",0,0,0,0,0,0.0,240000
3,CA Osasuna,David García Zub.,DF,34,94,2,3,180,5.5,"['3', '2', '-', '6', '5']",3,2,0,6,5,3.2,5160000
3,CA Osasuna,Nacho Vidal,DF,33,89,0,1,131,4,"['2', '-1', '4', '4', '4']",2,-1,4,4,4,2.6,2350000
3,CA Osasuna,Manu Sánchez,DF,31,69,1,0,110,3.4,"['2', '3', '4', '3', '3']",2,3,4,3,3,3.0,1640000
3,CA Osasuna,José Ángel Cote,DF,34,31,1,5,63,2.9,"['3', '1', '0', '-', '-']",3,1,0,0,0,0.8,1010000
3,CA Osasuna,Unai García,DF,32,37,1,2,61,3.8,"['-', '-', '2', '2', '3']",0,0,2,2,3,1.4,670000
3,CA Osasuna,Juan Cruz,DF,32,57,1,3,61,2.9,"['-', '-', '-', '-', '-']",0,0,0,0,0,0.0,820000
3,CA Osasuna,Aridane Hernández,DF,21,31,0,0,42,3,"['2', '2', '-', '6', '4']",2,2,0,6,4,2.8,1860000
3,CA Osasuna,Ramalho,DF,33,6,6,1,8,4,"['-', '-', '-', '-', '3']",0,0,0,0,3,0.6,250000
3,CA Osasuna,Unai Dufur,DF,25,3,8,2,2,2,"['-', '-', '2', '-', '-']",0,0,2,0,0,0.4,250000
3,CA Osasuna,Jesús Areso,DF,30,6,5,1,0,0,"['-', '-', '-', '-', '-']",0,0,0,0,0,0.0,280000
3,CA Osasuna,Roberto Torres,MD,30,14,5,1,94,3.8,"['-', '2', '4', '4', '-']",0,2,4,4,0,2.0,1670000
3,CA Osasuna,Rubén García,MD,16,80,0,0,158,4.6,"['3', '2', '4', '4', '4']",3,2,4,4,4,3.4,5950000
3,CA Osasuna,Jon Moncayola,MD,14,91,0,0,155,4.6,"['2', '6', '4', '5', '7']",2,6,4,5,7,4.8,5080000
3,CA Osasuna,Lucas Torró,MD,22,86,1,1,143,4.6,"['4', '-', '2', '5', '2']",4,0,2,5,2,2.6,3950000
3,CA Osasuna,Brasanac,MD,25,71,1,1,90,2.8,"['-2', '1', '1', '3', '1']",-2,1,1,3,1,0.8,910000
3,CA Osasuna,Javi Martínez Calvo,MD,22,23,0,0,79,3.2,"['2', '1', '-', '2', '4']",2,1,0,2,4,1.8,750000
3,CA Osasuna,Kike Barja,MD,25,26,2,2,57,3.2,"['-', '2', '4', '3', '11']",0,2,4,3,11,4.0,800000
3,CA Osasuna,Oier,MD,8,17,1,0,30,1.4,"['1', '1', '-', '-', '2']",1,1,0,0,2,0.8,370000
3,CA Osasuna,Iñigo Pérez,MD,2,9,0,0,23,2.9,"['-', '-', '-', '-', '-']",0,0,0,0,0,0.0,320000
3,CA Osasuna,Iker Benito,MD,2,3,0,0,6,1.5,"['-', '-', '1', '-', '-']",0,0,1,0,0,0.2,260000
3,CA Osasuna,Aimar Oroz,MD,4,0,0,0,0,0,"['-', '-', '-', '-', '-']",0,0,0,0,0,0.0,250000
3,CA Osasuna,Ezequiel Ávila,DL,4,54,0,0,145,4.4,"['8', '5', '3', '2', '5']",8,5,3,2,5,4.6,5840000
3,CA Osasuna,Kike García,DL,1,49,0,0,121,4,"['-', '-', '4', '2', '-']",0,0,4,2,0,1.2,3270000
3,CA Osasuna,Budimir,DL,1,51,0,0,119,4.8,"['7', '11', '2', '9', '9']",7,11,2,9,9,7.6,7290000
3,CA Osasuna,Barbero,DL,3,0,0,0,6,1,"['-', '2', '-', '-', '-']",0,2,0,0,0,0.4,240000
4,RCD Espanyol de Barcelona,Diego López,PT,34,94,2,0,149,4.5,"['1', '-1', '2', '-1', '3']",1,-1,2,-1,3,0.8,2520000
4,RCD Espanyol de Barcelona,Oier Olazábal,PT,33,3,0,0,9,4.5,"['-', '-', '-', '-', '-']",0,0,0,0,0,0.0,230000
4,RCD Espanyol de Barcelona,Joan García,PT,33,3,3,9,-6,-3,"['-', '-', '-', '-', '-']",0,0,0,0,0,0.0,260000
4,RCD Espanyol de Barcelona,Leandro Cabrera,DF,32,97,15,3,154,4.5,"['5', '8', '0', '2', '2']",5,8,0,2,2,3.4,4900000
4,RCD Espanyol de Barcelona,Adrià Pedrosa,DF,31,89,1,1,107,3.5,"['2', '5', '-', '-', '-']",2,5,0,0,0,1.4,1770000
4,RCD Espanyol de Barcelona,Sergi Gómez,DF,28,80,1,2,106,3.8,"['4', '-', '2', '1', '7']",4,0,2,1,7,2.8,1540000
4,RCD Espanyol de Barcelona,Aleix Vidal,DF,27,54,4,1,86,3,"['4', '4', '2', '3', '6']",4,4,2,3,6,3.8,1040000
4,RCD Espanyol de Barcelona,Óscar Gil,DF,30,57,0,2,76,3.5,"['2', '-', '4', '-', '-']",2,0,4,0,0,1.2,1060000
4,RCD Espanyol de Barcelona,Calero,DF,22,34,0,2,42,3,"['2', '2', '4', '0', '4']",2,2,4,0,4,2.4,1320000
4,RCD Espanyol de Barcelona,Dídac Vilà,DF,29,3,2,0,13,1.9,"['1', '-', '-', '2', '-']",1,0,0,2,0,0.6,340000
4,RCD Espanyol de Barcelona,Lluís Recasens,DF,25,0,1,1,4,4,"['-', '-', '-', '-', '-']",0,0,0,0,0,0.0,260000
4,RCD Espanyol de Barcelona,Miguelón,DF,21,3,1,1,4,2,"['-', '-', '-', '-', '-']",0,0,0,0,0,0.0,280000
4,RCD Espanyol de Barcelona,Rubén Sánchez Sáez,DF,14,0,0,0,2,2,"['-', '-', '-', '-', '-']",0,0,0,0,0,0.0,220000
4,RCD Espanyol de Barcelona,Sergi Darder,MD,18,94,0,0,178,5.4,"['4', '4', '13', '2', '7']",4,4,13,2,7,6.0,5750000
4,RCD Espanyol de Barcelona,Embarba,MD,27,66,2,0,108,3.6,"['-', '2', '5', '-', '4']",0,2,5,0,4,2.2,2760000
4,RCD Espanyol de Barcelona,Javi Puado,MD,14,66,1,1,96,3.6,"['2', '2', '3', '0', '4']",2,2,3,0,4,2.2,3390000
4,RCD Espanyol de Barcelona,Morlanes,MD,15,31,0,0,92,3.4,"['2', '2', '13', '1', '3']",2,2,13,1,3,4.2,1270000
4,RCD Espanyol de Barcelona,Keidi Bare,MD,28,51,2,0,80,3.2,"['5', '2', '-', '-', '-']",5,2,0,0,0,1.4,1180000
4,RCD Espanyol de Barcelona,Nico Melamed,MD,21,14,1,0,75,2.7,"['-', '2', '2', '-', '11']",0,2,2,0,11,3.0,580000
4,RCD Espanyol de Barcelona,Yangel Herrera,MD,17,49,0,0,72,3.4,"['-', '2', '-', '0', '2']",0,2,0,0,2,0.8,1860000
4,RCD Espanyol de Barcelona,Melendo,MD,21,34,1,0,58,3.2,"['2', '-', '8', '4', '3']",2,0,8,4,3,3.4,580000
4,RCD Espanyol de Barcelona,Vilhena,MD,8,31,0,0,45,3.2,"['2', '2', '-', '8', '1']",2,2,0,8,1,2.6,1720000
4,RCD Espanyol de Barcelona,David López,MD,7,17,0,0,40,2.7,"['-', '-', '-', '3', '-']",0,0,0,3,0,0.6,480000
4,RCD Espanyol de Barcelona,Fran Mérida,MD,2,6,0,0,22,2.8,"['-', '-', '-', '4', '-']",0,0,0,4,0,0.8,330000
4,RCD Espanyol de Barcelona,Jofre Carreras,MD,2,0,0,0,0,0,"['-', '-', '-', '-', '-']",0,0,0,0,0,0.0,290000
4,RCD Espanyol de Barcelona,Gori,MD,2,0,0,0,3,3,"['-', '-', '-', '-', '-']",0,0,0,0,0,0.0,270000
4,RCD Espanyol de Barcelona,Raúl de Tomás,DL,1,89,0,0,201,6.3,"['9', '2', '9', '4', '4']",9,2,9,4,4,5.6,14890000
4,RCD Espanyol de Barcelona,Loren Morón,DL,2,11,0,0,51,2.3,"['-', '3', '2', '-', '-']",0,3,2,0,0,1.0,710000
4,RCD Espanyol de Barcelona,Wu Lei,DL,2,11,0,1,49,2.3,"['3', '2', '-', '3', '2']",3,2,0,3,2,2.0,530000
4,RCD Espanyol de Barcelona,Dimata,DL,1,11,0,0,31,1.8,"['-', '-', '-', '-', '-']",0,0,0,0,0,0.0,540000
5,FC Barcelona,Ter Stegen,PT,34,91,2,0,135,4.2,"['4', '11', '2', '2', '-']",4,11,2,2,0,3.8,5210000
5,FC Barcelona,Neto,PT,32,9,0,0,11,3.7,"['-', '-', '-', '-', '5']",0,0,0,0,5,1.0,390000
5,FC Barcelona,Jordi Alba,DF,28,80,2,10,194,6.9,"['9', '2', '7', '9', '17']",9,2,7,9,17,8.8,12290000
5,FC Barcelona,Ronald Araujo,DF,30,66,3,3,164,5.9,"['-', '4', '8', '5', '9']",0,4,8,5,9,5.2,8560000
5,FC Barcelona,Piqué,DF,27,71,1,0,141,5.2,"['-', '7', '-', '5', '-']",0,7,0,5,0,2.4,6170000
5,FC Barcelona,Eric García,DF,31,63,2,5,95,3.7,"['6', '3', '4', '4', '1']",6,3,4,4,1,3.6,3150000
5,FC Barcelona,Sergiño Dest,DF,28,49,4,0,87,4.1,"['4', '4', '1', '-', '-']",4,4,1,0,0,1.8,2030000
5,FC Barcelona,Dani Alves,DF,25,29,0,0,69,6.3,"['-', '4', '-', '7', '8']",0,4,0,7,8,3.8,5040000
5,FC Barcelona,Mingueza,DF,25,23,11,2,56,3.5,"['-', '-', '-', '-', '-']",0,0,0,0,0,0.0,990000
5,FC Barcelona,Lenglet,DF,21,14,0,3,42,2.3,"['2', '2', '6', '-', '-']",2,2,6,0,0,2.0,1160000
5,FC Barcelona,Umtiti,DF,19,3,1,11,4,4,"['-', '-', '-', '-', '-']",0,0,0,0,0,0.0,320000
5,FC Barcelona,Alejandro Balde,DF,15,3,4,4,3,0.8,"['-', '-', '-', '-', '-']",0,0,0,0,0,0.0,450000
5,FC Barcelona,Sergio Busquets,MD,27,97,2,1,213,6.3,"['7', '8', '6', '12', '10']",7,8,6,12,10,8.6,10120000
5,FC Barcelona,De Jong,MD,12,80,3,1,164,5.5,"['4', '9', '4', '5', '5']",4,9,4,5,5,5.4,12180000
5,FC Barcelona,Gavi,MD,14,71,9,1,132,4.4,"['5', '3', '6', '6', '1']",5,3,6,6,1,4.2,8880000
5,FC Barcelona,Nico González,MD,11,34,1,3,93,3.4,"['-', '-', '3', '-', '-']",0,0,3,0,0,0.6,3230000
5,FC Barcelona,Pedri,MD,16,29,0,1,82,6.8,"['-', '-', '-', '-', '-']",0,0,0,0,0,0.0,10330000
5,FC Barcelona,Sergi Roberto,MD,19,11,6,0,41,4.6,"['-', '-', '-', '-', '-']",0,0,0,0,0,0.0,1010000
5,FC Barcelona,Riqui Puig,MD,10,3,1,0,40,3.3,"['-', '-', '-', '-', '1']",0,0,0,0,1,0.2,760000
5,FC Barcelona,Álvaro Sanz,MD,18,0,0,1,3,1.5,"['-', '-', '-', '-', '-']",0,0,0,0,0,0.0,270000
5,FC Barcelona,Depay,DL,12,51,2,0,184,7.4,"['3', '-', '5', '14', '4']",3,0,5,14,4,5.2,11310000
5,FC Barcelona,Dembélé,DL,9,40,2,1,144,7.6,"['11', '2', '7', '2', '2']",11,2,7,2,2,4.8,19870000
5,FC Barcelona,Aubameyang,DL,6,29,1,0,94,6.7,"['1', '8', '2', '2', '1']",1,8,2,2,1,2.8,24980000
5,FC Barcelona,Luuk de Jong,DL,10,17,0,2,90,4.7,"['1', '2', '2', '-', '-']",1,2,2,0,0,1.0,3410000
5,FC Barcelona,Ferrán Torres,DL,3,40,0,0,84,5.6,"['2', '9', '1', '4', '4']",2,9,1,4,4,4.0,20850000
5,FC Barcelona,Ansu Fati,DL,3,9,0,0,54,7.7,"['-', '-', '-', '2', '10']",0,0,0,2,10,2.4,13900000
5,FC Barcelona,Adama Traoré,DL,7,9,4,0,44,4.4,"['5', '-', '6', '-', '2']",5,0,6,0,2,2.6,8840000
5,FC Barcelona,Abde Ezzalzouli,DL,4,17,2,1,44,4.4,"['-', '-', '-', '-', '-']",0,0,0,0,0,0.0,1510000
5,FC Barcelona,Braithwaite,DL,6,9,0,0,24,6,"['-', '-', '-', '-', '-']",0,0,0,0,0,0.0,1150000
5,FC Barcelona,Ferrán Jutglà,DL,4,11,1,0,21,4.2,"['-', '-', '-', '-', '-']",0,0,0,0,0,0.0,1250000
5,FC Barcelona,Ilias Akhomach,DL,2,6,0,0,12,6,"['-', '-', '-', '-', '-']",0,0,0,0,0,0.0,730000
5,FC Barcelona,Estanis,DL,12,0,1,0,2,2,"['-', '-', '-', '-', '-']",0,0,0,0,0,0.0,300000
6,Getafe CF,David Soria,PT,35,100,0,0,158,4.5,"['2', '7', '-2', '10', '6']",2,7,-2,10,6,4.6,3090000
6,Getafe CF,Diego Conde,PT,32,0,0,1,2,2,"['-', '-', '-', '-', '-']",0,0,0,0,0,0.0,220000
6,Getafe CF,Rubén Yáñez,PT,32,0,1,2,0,0,"['-', '-', '-', '-', '-']",0,0,0,0,0,0.0,210000
6,Getafe CF,Mathías Olivera,DF,30,86,1,3,142,4.7,"['6', '2', '9', '7', '6']",6,2,9,7,6,6.0,4090000
6,Getafe CF,Damián Suárez,DF,32,86,0,3,132,4.1,"['5', '4', '2', '2', '2']",5,4,2,2,2,3.0,3340000
6,Getafe CF,Djené,DF,34,91,15,1,107,3.3,"['-', '5', '5', '5', '5']",0,5,5,5,5,4.0,1780000
6,Getafe CF,Mitrovic,DF,30,83,1,0,99,3.3,"['1', '4', '2', '2', '-']",1,4,2,2,0,1.8,1400000
6,Getafe CF,Jorge Cuenca,DF,29,80,1,0,95,3.3,"['2', '5', '3', '-', '5']",2,5,3,0,5,3.0,1730000
6,Getafe CF,Juan Iglesias,DF,28,14,0,5,49,2.7,"['2', '-', '-', '-', '4']",2,0,0,0,4,1.2,420000
6,Getafe CF,Cabaco,DF,31,14,1,2,19,1.9,"['0', '-', '-', '-', '-']",0,0,0,0,0,0.0,320000
6,Getafe CF,Jonathan Silva,DF,26,3,3,0,13,1.4,"['-', '-', '-', '-', '-']",0,0,0,0,0,0.0,400000
6,Getafe CF,Kofi,DF,20,3,0,1,5,2.5,"['-', '-', '-', '-', '-']",0,0,0,0,0,0.0,260000
6,Getafe CF,Gastón Álvarez,DF,15,0,0,1,0,0,"['-', '-', '-', '-', '-']",0,0,0,0,0,0.0,260000
6,Getafe CF,Mauro Arambarri,MD,15,80,6,1,136,4.9,"['4', '3', '8', '4', '4']",4,3,8,4,4,4.6,4000000
6,Getafe CF,Maksimovic,MD,18,91,0,1,135,4.2,"['1', '-', '15', '5', '4']",1,0,15,5,4,5.0,3250000
6,Getafe CF,Óscar Rodríguez,MD,13,34,0,1,93,3.6,"['5', '9', '-', '5', '7']",5,9,0,5,7,5.2,3050000
6,Getafe CF,Aleñá,MD,10,80,0,1,88,2.8,"['1', '-', '2', '4', '4']",1,0,2,4,4,2.2,1510000
6,Getafe CF,Florentino Luís,MD,22,23,1,0,56,2.8,"['-', '3', '-', '-', '5']",0,3,0,0,5,1.6,650000
6,Getafe CF,Okay Yokuslu,MD,8,14,0,0,52,3.3,"['-', '-', '2', '6', '7']",0,0,2,6,7,3.0,870000
6,Getafe CF,Gonzalo Villar,MD,15,6,1,0,29,3.6,"['-', '-', '-', '-', '-']",0,0,0,0,0,0.0,1060000
6,Getafe CF,Jankto,MD,7,14,0,0,30,2.3,"['1', '-', '-', '-', '2']",1,0,0,0,2,0.6,450000
6,Getafe CF,Vitolo,MD,5,3,0,0,16,2.3,"['-', '-', '-', '-', '-']",0,0,0,0,0,0.0,540000
6,Getafe CF,Sabit Abdulai,MD,8,0,0,1,0,0,"['-', '-', '-', '-', '-']",0,0,0,0,0,0.0,200000
6,Getafe CF,John Patrick,MD,7,0,0,0,0,0,"['-', '-', '-', '-', '-']",0,0,0,0,0,0.0,230000
6,Getafe CF,Enes Ünal,DL,9,86,0,0,202,5.9,"['10', '6', '8', '4', '2']",10,6,8,4,2,6.0,9370000
6,Getafe CF,Sandro Ramírez,DL,7,54,0,0,89,3.4,"['4', '-', '10', '5', '-']",4,0,10,5,0,3.8,2160000
6,Getafe CF,Borja Mayoral,DL,3,23,0,1,84,5.6,"['3', '17', '10', '4', '3']",3,17,10,4,3,7.4,6470000
6,Getafe CF,Jaime Mata,DL,1,11,0,0,56,2.5,"['-', '-', '2', '-', '-']",0,0,2,0,0,0.4,700000
7,Granada CF,Luís Maximiano,PT,31,91,0,0,148,4.6,"['2', '7', '-1', '5', '5']",2,7,-1,5,5,3.6,2530000
7,Granada CF,Aarón Escandell,PT,33,9,8,4,12,3,"['-', '-', '-', '-', '-']",0,0,0,0,0,0.0,310000
7,Granada CF,João Costa,PT,30,0,3,3,0,0,"['-', '-', '-', '-', '-']",0,0,0,0,0,0.0,180000
7,Granada CF,Ángel Jiménez,PT,28,0,2,1,0,0,"['-', '-', '-', '-', '-']",0,0,0,0,0,0.0,210000
7,Granada CF,Germán Sánchez,DF,26,71,0,0,90,3.1,"['-4', '-', '0', '6', '2']",-4,0,0,6,2,0.8,1350000
7,Granada CF,Carlos Neva,DF,29,69,0,1,85,3.3,"['4', '2', '2', '6', '14']",4,2,2,6,14,5.6,1220000
7,Granada CF,Sergio Escudero,DF,30,37,6,1,85,3.4,"['-', '-', '1', '-', '-']",0,0,1,0,0,0.2,1100000
7,Granada CF,Quini,DF,21,69,0,2,71,2.4,"['1', '5', '2', '-', '7']",1,5,2,0,7,3.0,710000
7,Granada CF,Domingos Duarte,DF,32,46,10,5,56,3.1,"['4', '9', '0', '-', '2']",4,9,0,0,2,3.0,1540000
7,Granada CF,Víctor Díaz,DF,18,43,1,0,53,2.8,"['0', '4', '-', '-', '0']",0,4,0,0,0,0.8,830000
7,Granada CF,Raúl Torrente,DF,25,43,4,2,48,3,"['-', '-', '2', '-', '-']",0,0,2,0,0,0.4,720000
7,Granada CF,Arias,DF,18,9,0,0,29,2.9,"['-', '-', '-', '1', '2']",0,0,0,1,2,0.6,570000
7,Granada CF,Pepe Sánchez,DF,19,0,1,0,0,0,"['-', '-', '-', '-', '-']",0,0,0,0,0,0.0,230000
7,Granada CF,Sergio Barcia,DF,24,3,1,1,0,0,"['-', '-', '-', '0', '-']",0,0,0,0,0,0.0,240000
7,Granada CF,Matías Arezo,DL,24,3,1,1,13,1.9,"['1', '-', '-', '2', '-']",1,0,0,2,0,0.6,1010000
7,Granada CF,Neyder Lozano,DF,25,0,2,1,0,0,"['-', '-', '-', '-', '-']",0,0,0,0,0,0.0,280000
7,Granada CF,Luis Milla,MD,14,86,1,1,173,5.6,"['4', '7', '4', '5', '2']",4,7,4,5,2,4.4,7800000
7,Granada CF,Darwin Machís,MD,13,46,0,1,116,4.6,"['5', '4', '2', '14', '-2']",5,4,2,14,-2,4.6,5350000
7,Granada CF,Antonio Puertas,MD,13,63,1,0,113,3.8,"['3', '1', '-1', '2', '11']",3,1,-1,2,11,3.2,1640000
7,Granada CF,Montoro,MD,15,37,1,3,83,3.5,"['2', '4', '2', '2', '-']",2,4,2,2,0,2.0,980000
7,Granada CF,Gonalons,MD,14,51,0,0,80,3.6,"['-', '-', '-', '3', '6']",0,0,0,3,6,1.8,1250000
7,Granada CF,Rochina,MD,15,23,0,0,61,4.1,"['-', '-', '-', '-', '-']",0,0,0,0,0,0.0,1040000
7,Granada CF,Álex Collado,MD,8,29,0,0,52,3.7,"['11', '4', '2', '5', '2']",11,4,2,5,2,4.8,1670000
7,Granada CF,Alberto Soro,MD,16,20,0,1,43,2.9,"['-', '-', '-', '-', '-']",0,0,0,0,0,0.0,480000
7,Granada CF,Petrovic,MD,10,26,1,0,42,3.2,"['4', '8', '-', '6', '4']",4,8,0,6,4,4.4,1060000
7,Granada CF,Raba,MD,4,0,0,0,23,2.6,"['-', '2', '4', '-', '-']",0,2,4,0,0,1.2,420000
7,Granada CF,Isma Ruiz,MD,8,9,0,0,18,2.3,"['0', '-', '2', '-', '-']",0,0,2,0,0,0.4,270000
7,Granada CF,Yan Eteki,MD,9,6,0,0,14,1.6,"['-', '-', '-', '-', '-']",0,0,0,0,0,0.0,340000
7,Granada CF,Daniel Plomer,MD,2,0,0,0,0,0,"['-', '-', '-', '-', '-']",0,0,0,0,0,0.0,240000
7,Granada CF,Jorge Molina,DL,7,46,0,0,174,5.4,"['5', '-', '7', '4', '18']",5,0,7,4,18,6.8,4480000
7,Granada CF,Luis Javier Suárez,DL,1,91,0,0,159,4.7,"['-', '3', '14', '6', '10']",0,3,14,6,10,6.6,6400000
7,Granada CF,Bacca,DL,2,11,0,0,45,2.8,"['-', '2', '2', '-', '-']",0,2,2,0,0,0.8,850000
7,Granada CF,Myrto Uzuni,DL,1,23,0,0,33,2.5,"['2', '3', '-', '2', '9']",2,3,0,2,9,3.2,1050000
8,Real Madrid CF,Courtois,PT,34,97,0,0,176,5.2,"['0', '3', '2', '12', '-']",0,3,2,12,0,3.4,6020000
8,Real Madrid CF,Lunin,PT,32,3,1,2,2,2,"['-', '-', '-', '-', '2']",0,0,0,0,2,0.4,460000
8,Real Madrid CF,Éder Militão,DF,30,91,2,3,181,5.7,"['4', '5', '6', '-', '3']",4,5,6,0,3,3.6,6280000
8,Real Madrid CF,Alaba,DF,30,86,1,3,158,5.3,"['2', '12', '-', '-', '-']",2,12,0,0,0,2.8,6360000
8,Real Madrid CF,Lucas Vázquez,DF,30,51,26,11,126,4.7,"['4', '13', '5', '4', '2']",4,13,5,4,2,5.6,3870000
8,Real Madrid CF,Carvajal,DF,33,46,14,9,112,5.1,"['11', '6', '-', '-', '-']",11,6,0,0,0,3.4,4430000
8,Real Madrid CF,Nacho Fernández,DF,25,40,1,3,109,4.4,"['11', '3', '7', '-', '5']",11,3,7,0,5,5.2,2750000
8,Real Madrid CF,Ferland Mendy,DF,26,51,2,5,96,4.8,"['-', '-', '5', '-', '2']",0,0,5,0,2,1.4,3990000
8,Real Madrid CF,Marcelo,DF,27,14,3,0,53,4.8,"['-', '-', '-', '9', '-']",0,0,0,9,0,1.8,2020000
8,Real Madrid CF,Miguel Gutiérrez,DF,30,9,10,0,18,6,"['-', '-', '-', '-', '-']",0,0,0,0,0,0.0,520000
8,Real Madrid CF,Jesús Vallejo,DF,20,6,1,1,10,3.3,"['-', '-', '-', '7', '1']",0,0,0,7,1,1.6,820000
8,Real Madrid CF,Sergio Santos,DF,28,0,0,1,0,0,"['-', '-', '-', '3', '-']",0,0,0,3,0,0.6,290000
8,Real Madrid CF,Mario Gila,DF,22,0,1,3,0,0,"['-', '-', '-', '-', '-']",0,0,0,0,0,0.0,410000
8,Real Madrid CF,Casemiro,MD,25,83,3,0,200,6.7,"['-', '-', '-', '5', '5']",0,0,0,5,5,2.0,13560000
8,Real Madrid CF,Kroos,MD,29,66,3,3,179,7.2,"['7', '4', '10', '2', '4']",7,4,10,2,4,5.4,12470000
8,Real Madrid CF,Modric,MD,23,66,2,1,144,5.5,"['3', '-', '-', '7', '3']",3,0,0,7,3,2.6,10020000
8,Real Madrid CF,Fede Valverde,MD,17,49,0,1,115,4.1,"['5', '4', '7', '-', '5']",5,4,7,0,5,4.2,7000000
8,Real Madrid CF,Camavinga,MD,10,34,0,2,112,4.7,"['2', '9', '10', '10', '4']",2,9,10,10,4,7.0,7220000
8,Real Madrid CF,Isco,MD,5,9,1,0,53,4.1,"['-', '6', '-', '4', '-']",0,6,0,4,0,2.0,1510000
8,Real Madrid CF,Dani Ceballos,MD,3,6,0,1,27,3,"['-', '4', '-', '7', '-']",0,4,0,7,0,2.2,3660000
8,Real Madrid CF,Antonio Blanco,MD,12,0,1,0,4,4,"['-', '-', '-', '-', '-']",0,0,0,0,0,0.0,330000
8,Real Madrid CF,Sergio Arribas,MD,7,0,0,1,0,0,"['-', '-', '-', '-', '-']",0,0,0,0,0,0.0,480000
8,Real Madrid CF,Benzema,DL,9,83,0,0,312,10.4,"['12', '2', '17', '10', '-']",12,2,17,10,0,8.2,19660000
8,Real Madrid CF,Vinícius Júnior,DL,3,80,0,0,242,7.3,"['1', '-', '3', '5', '5']",1,0,3,5,5,2.8,17660000
8,Real Madrid CF,Asensio,DL,14,51,1,2,168,5.6,"['3', '11', '-', '8', '7']",3,11,0,8,7,5.8,8940000
8,Real Madrid CF,Rodrygo,DL,1,40,0,0,119,4,"['14', '7', '-', '16', '5']",14,7,0,16,5,8.4,7010000
8,Real Madrid CF,Eden Hazard,DL,1,20,0,0,72,4.2,"['-', '-', '7', '-', '-']",0,0,7,0,0,1.4,2030000
8,Real Madrid CF,Jovic,DL,1,3,0,0,39,2.8,"['-', '-', '-', '-', '1']",0,0,0,0,1,0.2,940000
8,Real Madrid CF,Mariano Díaz,DL,2,6,0,0,21,3,"['-', '-', '5', '-1', '-']",0,0,5,-1,0,0.8,990000
8,Real Madrid CF,Bale,DL,1,11,0,0,20,4,"['-', '-', '-', '-', '-']",0,0,0,0,0,0.0,1790000
8,Real Madrid CF,Peter González,DL,0,0,0,0,4,2,"['-', '-', '2', '-', '-']",0,0,2,0,0,0.4,500000
8,Real Madrid CF,Marvin,DL,0,0,0,0,0,0,"['-', '-', '-', '-', '-']",0,0,0,0,0,0.0,220000
9,Rayo Vallecano de Madrid,Dimitrievski,PT,33,80,2,2,148,5.1,"['2', '9', '11', '2', '11']",2,9,11,2,11,7.0,2530000
9,Rayo Vallecano de Madrid,Luca Zidane,PT,32,20,1,2,11,1.6,"['-', '-', '-', '-', '-']",0,0,0,0,0,0.0,470000
9,Rayo Vallecano de Madrid,Catena,DF,32,94,1,0,171,5.2,"['5', '8', '8', '5', '7']",5,8,8,5,7,6.6,3700000
9,Rayo Vallecano de Madrid,Fran García,DF,33,91,6,3,124,3.9,"['4', '5', '3', '4', '6']",4,5,3,4,6,4.4,2930000
9,Rayo Vallecano de Madrid,Balliu,DF,33,91,1,2,115,3.6,"['-4', '-', '4', '-', '5']",-4,0,4,0,5,1.0,2310000
9,Rayo Vallecano de Madrid,Saveljich,DF,29,60,0,0,69,3.3,"['-', '-', '-', '-', '-']",0,0,0,0,0,0.0,880000
9,Rayo Vallecano de Madrid,Nikola Maras,DF,34,26,2,4,44,3.1,"['2', '5', '6', '1', '2']",2,5,6,1,2,3.2,720000
9,Rayo Vallecano de Madrid,Mario Hernández,DF,32,11,0,0,26,3.3,"['3', '4', '1', '2', '-']",3,4,1,2,0,2.0,610000
9,Rayo Vallecano de Madrid,Kevin Rodrigues,DF,32,11,3,9,20,2,"['-', '-', '-', '-', '-']",0,0,0,0,0,0.0,500000
9,Rayo Vallecano de Madrid,Álvaro García,MD,21,89,0,0,180,5.5,"['4', '4', '11', '6', '2']",4,4,11,6,2,5.4,6490000
9,Rayo Vallecano de Madrid,Trejo,MD,29,69,6,2,164,5.1,"['3', '2', '4', '5', '7']",3,2,4,5,7,4.2,6160000
9,Rayo Vallecano de Madrid,Comesaña,MD,31,89,3,0,140,4.2,"['4', '5', '2', '2', '5']",4,5,2,2,5,3.6,4840000
9,Rayo Vallecano de Madrid,Óscar Valentín,MD,25,74,0,0,131,4.1,"['4', '5', '3', '5', '3']",4,5,3,5,3,4.0,2860000
9,Rayo Vallecano de Madrid,Isi Palazón,MD,29,77,1,1,125,3.7,"['8', '6', '4', '2', '3']",8,6,4,2,3,4.6,3570000
9,Rayo Vallecano de Madrid,Pathé Ciss,MD,14,29,0,0,97,3.3,"['2', '-', '-', '-', '4']",2,0,0,0,4,1.2,1510000
9,Rayo Vallecano de Madrid,Bebé,MD,19,11,6,0,97,3.7,"['-', '4', '5', '3', '5']",0,4,5,3,5,3.4,2010000
9,Rayo Vallecano de Madrid,Unai López,MD,12,31,0,0,67,2.7,"['1', '2', '2', '2', '1']",1,2,2,2,1,1.6,1010000
9,Rayo Vallecano de Madrid,Mario Suárez,MD,7,20,0,0,27,2.3,"['-', '-', '2', '-', '8']",0,0,2,0,8,2.0,970000
9,Rayo Vallecano de Madrid,Merquelanz,MD,26,9,1,2,13,3.3,"['-', '-', '-', '-', '-']",0,0,0,0,0,0.0,440000
9,Rayo Vallecano de Madrid,Álvaro Aguirre,MD,10,0,0,0,2,2,"['-', '-', '-', '-', '-']",0,0,0,0,0,0.0,210000
9,Rayo Vallecano de Madrid,Sergi Guardiola,DL,8,51,1,0,117,4,"['1', '9', '1', '2', '-']",1,9,1,2,0,2.6,4850000
9,Rayo Vallecano de Madrid,Randy Nteka,DL,4,40,0,0,97,3.1,"['5', '-', '2', '2', '2']",5,0,2,2,2,2.2,1900000
9,Rayo Vallecano de Madrid,Falcao,DL,9,20,0,0,89,4.7,"['-', '-', '-', '9', '1']",0,0,0,9,1,2.0,3900000
9,Rayo Vallecano de Madrid,Mamadou Sylla,DL,7,14,0,0,51,2.3,"['-', '-', '-', '-', '-']",0,0,0,0,0,0.0,790000
10,Levante UD,Dani Cárdenas,PT,32,63,12,5,69,3.1,"['4', '1', '6', '2', '5']",4,1,6,2,5,3.6,970000
10,Levante UD,Dani Cárdenas,PT,26,63,0,0,69,3.1,"['4', '1', '6', '2', '5']",4,1,6,2,5,3.6,970000
10,Levante UD,Jorge Miramón,DF,32,60,12,5,72,2.8,"['1', '3', '4', '2', '10']",1,3,4,2,10,4.0,730000
10,Levante UD,Jorge Miramón,DF,26,60,0,0,72,2.8,"['1', '3', '4', '2', '10']",1,3,4,2,10,4.0,730000
10,Levante UD,Aitor Fernández,PT,29,37,0,0,50,3.8,"['-', '-', '-', '-', '-']",0,0,0,0,0,0.0,890000
10,Levante UD,Rúben Vezo,DF,26,74,5,3,104,3.6,"['6', '4', '-', '1', '6']",6,4,0,1,6,3.4,1770000
10,Levante UD,Óscar Duarte,DF,22,54,0,0,81,3.7,"['2', '2', '7', '13', '2']",2,2,7,13,2,5.2,850000
10,Levante UD,Rober Pier,DF,26,54,1,0,69,2.8,"['3', '0', '6', '2', '4']",3,0,6,2,4,3.0,760000
10,Levante UD,Clerc,DF,26,51,1,0,50,2.6,"['-', '-', '-', '-', '-']",0,0,0,0,0,0.0,630000
10,Levante UD,Son,DF,24,57,1,0,68,2.8,"['2', '1', '5', '1', '5']",2,1,5,1,5,2.8,840000
10,Levante UD,Mustafi,DF,25,23,1,0,44,4,"['-', '-', '-', '-', '-']",0,0,0,0,0,0.0,580000
10,Levante UD,Alejandro Cantero,MD,25,6,1,0,41,1.9,"['-1', '2', '-', '-', '-']",-1,2,0,0,0,0.2,400000
10,Levante UD,Enric Franquesa,DF,22,17,1,0,28,1.8,"['-', '-', '-', '-', '-']",0,0,0,0,0,0.0,390000
10,Levante UD,Sergio Postigo,DF,27,23,5,2,26,2.4,"['2', '1', '-', '-', '2']",2,1,0,0,2,1.0,420000
10,Levante UD,Martín Cáceres,DF,19,23,0,0,18,2,"['-', '-', '4', '-', '-']",0,0,4,0,0,0.8,770000
10,Levante UD,Marc Pubill,DF,27,14,3,2,16,1.6,"['6', '-', '-', '2', '-']",6,0,0,2,0,1.6,480000
10,Levante UD,Coke,DF,18,0,2,1,10,2.5,"['-', '-', '4', '-', '-']",0,0,4,0,0,0.8,290000
10,Levante UD,Marcelo Saracchi,DF,17,0,0,0,7,3.5,"['-', '2', '-', '5', '-']",0,2,0,5,0,1.4,330000
10,Levante UD,Pepelu,MD,13,63,0,0,109,4.2,"['7', '5', '6', '6', '4']",7,5,6,6,4,5.6,2100000
10,Levante UD,Melero,MD,25,51,1,2,106,3.9,"['1', '2', '10', '4', '5']",1,2,10,4,5,4.4,2860000
10,Levante UD,Bardhi,MD,26,43,4,2,106,3.9,"['-', '1', '4', '4', '2']",0,1,4,4,2,2.2,1930000
10,Levante UD,Jorge de Frutos,MD,11,57,0,0,102,4.1,"['-', '-', '5', '-', '-']",0,0,5,0,0,1.0,2360000
10,Levante UD,Campaña,MD,11,43,1,0,81,4.5,"['-', '-', '-', '5', '6']",0,0,0,5,6,2.2,3220000
10,Levante UD,Mickael Malsa,MD,9,29,0,0,79,3.2,"['9', '-', '4', '-', '-']",9,0,4,0,0,2.6,890000
10,Levante UD,Radoja,MD,13,43,0,1,49,2.9,"['5', '4', '-', '2', '1']",5,4,0,2,1,2.4,650000
10,Levante UD,Vukcevic,MD,16,0,0,0,15,2.5,"['-', '-', '2', '-', '-']",0,0,2,0,0,0.4,320000
10,Levante UD,Giorgi Kochorashvili,MD,10,0,0,1,0,0,"['-', '-', '-', '-', '-']",0,0,0,0,0,0.0,240000
10,Levante UD,Edgar Sevikyan,MD,22,0,0,1,0,0,"['-', '-', '-', '-', '-']",0,0,0,0,0,0.0,230000
10,Levante UD,Morales,DL,6,80,0,0,165,5.2,"['16', '11', '1', '10', '3']",16,11,1,10,3,8.2,7530000
10,Levante UD,Roger,DL,2,66,0,0,110,4.2,"['-', '-', '5', '-', '4']",0,0,5,0,4,1.8,4040000
10,Levante UD,Dani Gómez,DL,4,29,0,0,81,3.1,"['10', '2', '2', '1', '2']",10,2,2,1,2,3.4,1620000
10,Levante UD,Soldado,DL,0,20,0,0,55,3.2,"['10', '9', '-', '4', '-']",10,9,0,4,0,4.6,1020000
11,RCD Mallorca,Reina,PT,33,51,0,0,68,3.8,"['-', '-', '-', '-', '-']",0,0,0,0,0,0.0,800000
11,RCD Mallorca,Sergio Rico,PT,33,40,3,3,31,2.2,"['-3', '5', '1', '3', '-4']",-3,5,1,3,-4,0.4,1540000
11,RCD Mallorca,Leo Román,PT,32,6,1,3,8,4,"['-', '-', '-', '-', '-']",0,0,0,0,0,0.0,210000
11,RCD Mallorca,Greif,PT,26,3,2,0,0,0,"['-', '-', '-', '-', '-']",0,0,0,0,0,0.0,220000
11,RCD Mallorca,Maffeo,DF,25,91,1,0,130,4.1,"['2', '5', '0', '0', '3']",2,5,0,0,3,2.0,2860000
11,RCD Mallorca,Martin Valjent,DF,18,94,0,0,103,3.1,"['3', '4', '5', '2', '0']",3,4,5,2,0,2.8,1450000
11,RCD Mallorca,Brian Oliván,DF,22,60,0,3,83,3.3,"['1', '5', '2', '5', '1']",1,5,2,5,1,2.8,1140000
11,RCD Mallorca,Jaume Costa,DF,26,51,1,0,75,3.4,"['2', '-', '-', '-', '2']",2,0,0,0,2,0.8,1190000
11,RCD Mallorca,Raíllo,DF,17,40,1,0,63,4.5,"['4', '3', '5', '10', '7']",4,3,5,10,7,5.8,1290000
11,RCD Mallorca,Franco Russo,DF,22,49,0,0,49,2.9,"['-', '-', '-', '1', '-']",0,0,0,1,0,0.2,600000
11,RCD Mallorca,Giovanni González,DF,26,9,1,0,31,3.9,"['4', '3', '4', '-', '-']",4,3,4,0,0,2.2,680000
11,RCD Mallorca,Sedlar,DF,26,9,2,2,16,1.6,"['-', '-', '-', '-', '-']",0,0,0,0,0,0.0,360000
11,RCD Mallorca,Josep Gayá,DF,29,3,1,2,-2,-2,"['-', '-', '-', '-', '-']",0,0,0,0,0,0.0,240000
11,RCD Mallorca,Dani Rodríguez,MD,25,94,5,3,128,3.9,"['2', '5', '4', '2', '0']",2,5,4,2,0,2.6,3590000
11,RCD Mallorca,Salva Sevilla,MD,14,40,2,0,127,5.1,"['2', '2', '1', '8', '9']",2,2,1,8,9,4.4,3280000
11,RCD Mallorca,Idrissu Baba,MD,14,66,0,0,109,4.2,"['2', '3', '4', '-', '2']",2,3,4,0,2,2.2,2810000
11,RCD Mallorca,Kubo,MD,13,49,4,2,104,4,"['7', '2', '4', '2', '3']",7,2,4,2,3,3.6,3290000
11,RCD Mallorca,Ruiz de Galarreta,MD,23,49,0,0,91,4.1,"['-', '-', '-', '-', '-']",0,0,0,0,0,0.0,1400000
11,RCD Mallorca,Kang-In Lee,MD,19,43,0,1,84,2.9,"['2', '2', '4', '4', '2']",2,2,4,4,2,2.8,1190000
11,RCD Mallorca,Antonio Sánchez,MD,23,46,2,0,82,3.2,"['3', '4', '8', '1', '3']",3,4,8,1,3,3.8,1000000
11,RCD Mallorca,Rodrigo Battaglia,MD,21,26,2,0,47,2,"['-', '2', '-', '2', '-']",0,2,0,2,0,0.8,580000
11,RCD Mallorca,Amath Ndiaye,MD,11,26,0,0,44,2.3,"['2', '-', '1', '-', '-']",2,0,1,0,0,0.6,510000
11,RCD Mallorca,Javi Llabres,MD,10,3,0,0,14,2.8,"['-', '-', '4', '-', '2']",0,0,4,0,2,1.2,270000
11,RCD Mallorca,Grenier,MD,8,0,1,0,4,1.3,"['-', '-', '-', '2', '-']",0,0,0,2,0,0.4,480000
11,RCD Mallorca,Ángel Rodríguez,DL,7,46,0,0,87,3.3,"['1', '-', '-', '4', '3']",1,0,0,4,3,1.6,1770000
11,RCD Mallorca,Muriqi,DL,2,37,0,0,83,6.4,"['5', '9', '4', '-', '9']",5,9,4,0,9,5.4,6110000
11,RCD Mallorca,Fernando Niño,DL,6,26,0,0,71,3.1,"['-', '0', '-', '1', '-']",0,0,0,1,0,0.2,1250000
11,RCD Mallorca,Abdón Prats,DL,5,17,0,0,65,3.1,"['-', '8', '-', '-', '4']",0,8,0,0,4,2.4,540000
11,RCD Mallorca,Hoppe,DL,5,3,0,1,7,1.4,"['-', '-', '1', '-', '-']",0,0,1,0,0,0.2,340000
2,Real Betis Balompié,Rui Silva,PT,31,51,6,8,71,3.7,"['-', '1', '-', '-', '2']",0,1,0,0,2,0.6,1200000
2,Real Betis Balompié,Claudio Bravo,PT,31,49,4,6,61,3.6,"['9', '-', '6', '7', '2']",9,0,6,7,2,4.8,830000
2,Real Betis Balompié,Joel Robles,PT,29,0,1,2,0,0,"['-', '-', '-', '-', '-']",0,0,0,0,0,0.0,190000
2,Real Betis Balompié,Álex Moreno,DF,27,71,5,3,127,4.7,"['8', '3', '-', '3', '0']",8,3,0,3,0,2.8,5190000
2,Real Betis Balompié,Marc Bartra,DF,30,60,14,3,99,4.7,"['7', '5', '-', '-', '11']",7,5,0,0,11,4.6,2610000
2,Real Betis Balompié,Héctor Bellerín,DF,22,60,0,2,88,4,"['5', '-', '5', '-', '-']",5,0,5,0,0,2.0,3060000
2,Real Betis Balompié,Édgar González,DF,21,37,1,0,86,4.5,"['-', '-', '5', '-', '-']",0,0,5,0,0,1.0,1610000
2,Real Betis Balompié,Pezzella,DF,20,54,1,0,83,4.2,"['6', '6', '8', '7', '3']",6,6,8,7,3,6.0,2030000
2,Real Betis Balompié,Víctor Ruiz,DF,19,49,0,0,71,3.9,"['-', '-', '-', '8', '-']",0,0,0,8,0,1.6,980000
2,Real Betis Balompié,Juan Miranda,DF,30,26,2,3,51,4.6,"['-', '6', '6', '-', '-']",0,6,6,0,0,2.4,760000
2,Real Betis Balompié,Sabaly,DF,29,20,8,4,27,3.4,"['-', '4', '-', '7', '3']",0,4,0,7,3,2.8,910000
2,Real Betis Balompié,Martín Montoya,DF,17,17,0,0,26,4.3,"['-', '-', '-', '-', '-']",0,0,0,0,0,0.0,570000
2,Real Betis Balompié,Kike Hermoso,DF,30,3,9,0,13,13,"['-', '-', '-', '-', '-']",0,0,0,0,0,0.0,310000
2,Real Betis Balompié,Fekir,MD,18,86,0,0,208,6.7,"['7', '7', '10', '5', '8']",7,7,10,5,8,7.4,13950000
2,Real Betis Balompié,Canales,MD,26,86,0,1,179,5.8,"['8', '5', '15', '8', '-1']",8,5,15,8,-1,7.0,12020000
2,Real Betis Balompié,Guido Rodríguez,MD,19,74,1,1,136,4.7,"['4', '-', '4', '7', '6']",4,0,4,7,6,4.2,3950000
2,Real Betis Balompié,William Carvalho,MD,19,51,0,0,135,4.5,"['2', '2', '2', '-', '2']",2,2,2,0,2,1.6,6260000
2,Real Betis Balompié,Guardado,MD,18,46,1,1,79,3,"['-', '4', '7', '-', '6']",0,4,7,0,6,3.4,980000
2,Real Betis Balompié,Tello,MD,11,14,0,1,75,3.4,"['-', '1', '-', '2', '-']",0,1,0,2,0,0.6,1310000
2,Real Betis Balompié,Rodrigo Sánchez,MD,8,26,0,1,61,3.4,"['-', '-', '3', '-', '1']",0,0,3,0,1,0.8,760000
2,Real Betis Balompié,Joaquín,MD,6,6,0,1,54,3,"['2', '2', '-', '2', '-']",2,2,0,2,0,1.2,1120000
2,Real Betis Balompié,Aitor Ruibal,MD,8,26,0,0,41,2.2,"['2', '-', '-', '2', '-']",2,0,0,2,0,0.8,710000
2,Real Betis Balompié,Paul Akouokou,MD,22,17,2,2,23,2.9,"['-', '0', '-', '-', '-']",0,0,0,0,0,0.0,400000
2,Real Betis Balompié,Camarasa,MD,18,0,0,1,16,2.3,"['-', '-', '2', '-', '-']",0,0,2,0,0,0.4,260000
2,Real Betis Balompié,Diego Lainez,MD,7,3,0,0,11,1.6,"['-', '-', '4', '3', '-']",0,0,4,3,0,1.4,370000
2,Real Betis Balompié,Yassin Fekir,MD,4,0,0,0,0,0,"['-', '-', '-', '-', '-']",0,0,0,0,0,0.0,290000
2,Real Betis Balompié,Juanmi Jiménez,DL,1,69,1,0,182,6.1,"['3', '7', '8', '2', '1']",3,7,8,2,1,4.2,12440000
2,Real Betis Balompié,Willian José,DL,7,49,0,0,129,4.4,"['2', '5', '2', '2', '-']",2,5,2,2,0,2.2,6020000
2,Real Betis Balompié,Borja Iglesias,DL,1,49,0,0,128,4.3,"['3', '2', '17', '2', '3']",3,2,17,2,3,5.4,8970000
2,Real Betis Balompié,Raúl García de Haro,DL,1,0,0,0,0,0,"['-', '-', '-', '-', '-']",0,0,0,0,0,0.0,240000
13,Real Sociedad de Fútbol,Alex Remiro,PT,35,91,1,1,172,5.4,"['7', '2', '7', '8', '4']",7,2,7,8,4,5.6,4270000
13,Real Sociedad de Fútbol,Ryan,PT,32,9,0,0,15,5,"['-', '-', '-', '-', '-']",0,0,0,0,0,0.0,320000
13,Real Sociedad de Fútbol,Le Normand,DF,31,100,3,2,185,5.3,"['4', '3', '9', '6', '6']",4,3,9,6,6,5.6,5290000
13,Real Sociedad de Fútbol,Aritz Elustondo,DF,30,57,5,2,133,4.8,"['2', '-', '5', '2', '-']",2,0,5,2,0,1.8,3630000
13,Real Sociedad de Fútbol,Gorosabel,DF,33,66,1,1,106,3.7,"['2', '5', '5', '7', '6']",2,5,5,7,6,5.0,2130000
13,Real Sociedad de Fútbol,Zaldua,DF,29,37,0,3,73,3.3,"['-', '3', '-', '2', '-']",0,3,0,2,0,1.0,1280000
13,Real Sociedad de Fútbol,Zubeldia,DF,28,49,4,1,72,3,"['6', '2', '-', '2', '0']",6,2,0,2,0,2.0,980000
13,Real Sociedad de Fútbol,Diego Rico,DF,23,46,2,3,72,4,"['6', '4', '2', '2', '2']",6,4,2,2,2,3.2,2610000
13,Real Sociedad de Fútbol,Aihen Muñoz,DF,22,43,9,3,42,2.2,"['-', '-', '-', '-', '-']",0,0,0,0,0,0.0,700000
13,Real Sociedad de Fútbol,Jon Pacheco,DF,34,11,0,2,32,3.6,"['-', '-', '6', '-', '-']",0,0,6,0,0,1.2,680000
13,Real Sociedad de Fútbol,Álex Sola,DF,30,0,3,0,6,3,"['-', '-', '2', '-', '-']",0,0,2,0,0,0.4,510000
13,Real Sociedad de Fútbol,Cristo Romero,DF,24,0,0,1,2,2,"['-', '-', '-', '-', '-']",0,0,0,0,0,0.0,280000
13,Real Sociedad de Fútbol,González de Zárate,DF,30,0,2,0,0,0,"['-', '-', '-', '-', '-']",0,0,0,0,0,0.0,250000
13,Real Sociedad de Fútbol,Monreal,DF,18,0,0,0,0,0,"['-', '-', '-', '-', '-']",0,0,0,0,0,0.0,370000
13,Real Sociedad de Fútbol,Aritz Arambarri,DF,19,0,0,0,0,0,"['-', '-', '-', '-', '-']",0,0,0,0,0,0.0,280000
13,Real Sociedad de Fútbol,Mikel Merino,MD,22,86,0,0,161,5.2,"['4', '2', '16', '3', '6']",4,2,16,3,6,6.2,7990000
13,Real Sociedad de Fútbol,Zubimendi,MD,14,66,1,0,142,4.3,"['5', '4', '3', '5', '9']",5,4,3,5,9,5.2,3560000
13,Real Sociedad de Fútbol,Januzaj,MD,17,46,0,0,118,3.9,"['2', '4', '-', '4', '2']",2,4,0,4,2,2.4,4450000
13,Real Sociedad de Fútbol,Silva,MD,11,57,1,1,114,5,"['-1', '-', '14', '-', '13']",-1,0,14,0,13,5.2,3700000
13,Real Sociedad de Fútbol,Rafinha,MD,9,31,0,0,67,4.8,"['2', '5', '-', '8', '5']",2,5,0,8,5,4.0,5540000
13,Real Sociedad de Fútbol,Guevara,MD,6,31,0,0,54,3.2,"['-', '2', '1', '2', '-']",0,2,1,2,0,1.0,700000
13,Real Sociedad de Fútbol,Ander Barrenetxea,MD,3,17,0,0,38,3.5,"['-', '-', '-', '-', '-']",0,0,0,0,0,0.0,920000
13,Real Sociedad de Fútbol,Robert Navarro,MD,6,9,0,0,23,3.8,"['-', '-', '-', '-', '-']",0,0,0,0,0,0.0,430000
13,Real Sociedad de Fútbol,Beñat Turrientes,MD,13,3,2,0,22,2.8,"['-', '-', '-', '-', '-']",0,0,0,0,0,0.0,400000
13,Real Sociedad de Fútbol,Näis Djouahra,MD,8,3,0,0,16,2.7,"['-', '-', '2', '5', '-']",0,0,2,5,0,1.4,400000
13,Real Sociedad de Fútbol,Illarramendi,MD,6,11,0,0,16,2.7,"['-', '-', '3', '-', '-']",0,0,3,0,0,0.6,1200000
13,Real Sociedad de Fútbol,Guridi,MD,6,3,0,0,13,2.2,"['-', '2', '-', '-', '-']",0,2,0,0,0,0.4,360000
13,Real Sociedad de Fútbol,Ander Martín,MD,5,3,0,0,12,2.4,"['-', '4', '-', '-', '-']",0,4,0,0,0,0.8,290000
13,Real Sociedad de Fútbol,Germán Valera,MD,3,0,0,0,6,2,"['-', '-', '-', '-', '-']",0,0,0,0,0,0.0,260000
13,Real Sociedad de Fútbol,Roberto López,MD,1,0,0,0,0,0,"['-', '-', '-', '-', '-']",0,0,0,0,0,0.0,250000
13,Real Sociedad de Fútbol,Luca Sangalli,MD,2,0,0,0,0,0,"['-', '-', '-', '-', '-']",0,0,0,0,0,0.0,230000
13,Real Sociedad de Fútbol,Oyarzabal,DL,1,54,0,0,128,5.8,"['-', '-', '6', '-', '-']",0,0,6,0,0,1.2,7070000
13,Real Sociedad de Fútbol,Isak,DL,0,69,0,0,122,4.1,"['2', '1', '-', '2', '5']",2,1,0,2,5,2.0,7250000
13,Real Sociedad de Fútbol,Sorloth,DL,0,49,0,0,103,3.4,"['4', '5', '4', '11', '3']",4,5,4,11,3,5.4,5250000
13,Real Sociedad de Fútbol,Portu,DL,0,49,0,0,96,2.8,"['2', '2', '2', '2', '2']",2,2,2,2,2,2.0,3630000
13,Real Sociedad de Fútbol,Lobete,DL,0,6,0,0,34,2.6,"['-', '-', '-', '-', '-']",0,0,0,0,0,0.0,540000
13,Real Sociedad de Fútbol,Carlos Fernández,DL,0,0,0,0,0,0,"['-', '-', '-', '-', '-']",0,0,0,0,0,0.0,500000
14,Villarreal CF,Rulli,PT,30,83,4,0,149,5.1,"['6', '6', '2', '-', '2']",6,6,2,0,2,3.2,3800000
14,Villarreal CF,Sergio Asenjo,PT,29,17,0,0,24,4,"['-', '-', '-', '2', '-']",0,0,0,2,0,0.4,1070000
14,Villarreal CF,Pau Torres,DF,30,86,2,6,170,5.7,"['7', '-', '4', '2', '4']",7,0,4,2,4,3.4,7030000
14,Villarreal CF,Albiol,DF,25,71,0,0,113,4.5,"['-', '6', '3', '-', '4']",0,6,3,0,4,2.6,2960000
14,Villarreal CF,Alberto Moreno,DF,32,37,6,4,111,4.6,"['-', '-', '3', '-', '-']",0,0,3,0,0,0.6,2500000
14,Villarreal CF,Juan Foyth,DF,27,57,1,1,109,4.7,"['-', '8', '4', '6', '3']",0,8,4,6,3,4.2,3330000
14,Villarreal CF,Alfonso Pedraza,DF,31,49,6,4,104,4.2,"['5', '-', '3', '2', '2']",5,0,3,2,2,2.4,2680000
14,Villarreal CF,Estupiñán,DF,23,46,0,1,84,3.2,"['-', '5', '5', '2', '6']",0,5,5,2,6,3.6,1520000
14,Villarreal CF,Aïssa Mandi,DF,25,40,1,3,80,5,"['3', '6', '-', '3', '-']",3,6,0,3,0,2.4,1490000
14,Villarreal CF,Aurier,DF,23,29,10,3,58,3.2,"['4', '0', '-', '1', '2']",4,0,0,1,2,1.4,1330000
14,Villarreal CF,Mario Gaspar,DF,26,17,0,1,25,2.8,"['-', '-', '2', '-', '-']",0,0,2,0,0,0.4,550000
14,Villarreal CF,Rubén Peña,DF,16,3,1,0,14,2.3,"['-', '-', '-', '-', '-']",0,0,0,0,0,0.0,300000
14,Villarreal CF,Parejo,MD,17,83,9,3,212,7.1,"['6', '9', '6', '5', '8']",6,9,6,5,8,6.8,13340000
14,Villarreal CF,Trigueros,MD,24,71,3,2,154,4.8,"['10', '1', '-', '5', '1']",10,1,0,5,1,3.4,6260000
14,Villarreal CF,Yéremi Pino,MD,28,60,1,2,147,4.7,"['2', '1', '2', '-', '-']",2,1,2,0,0,1.0,6060000
14,Villarreal CF,Danjuma,MD,23,49,5,4,140,6.1,"['5', '17', '-', '-', '-']",5,17,0,0,0,4.4,12540000
14,Villarreal CF,Capoue,MD,19,66,0,1,128,4.7,"['5', '6', '4', '2', '5']",5,6,4,2,5,4.4,5070000
14,Villarreal CF,Samu Chukwueze,MD,24,29,3,3,101,4.2,"['3', '1', '-', '10', '7']",3,1,0,10,7,4.2,5750000
14,Villarreal CF,Moi Gómez,MD,18,34,0,1,90,3.2,"['2', '6', '2', '2', '-']",2,6,2,2,0,2.4,2000000
14,Villarreal CF,Coquelin,MD,13,20,1,1,79,4.2,"['-', '-', '-', '-', '3']",0,0,0,0,3,0.6,1590000
14,Villarreal CF,Lo Celso,MD,15,23,0,3,74,5.7,"['2', '6', '-', '9', '12']",2,6,0,9,12,5.8,11510000
14,Villarreal CF,Iborra,MD,19,34,1,1,49,2.6,"['6', '2', '2', '5', '-']",6,2,2,5,0,3.0,870000
14,Villarreal CF,Carlo Adriano,MD,6,0,0,0,2,2,"['-', '-', '-', '-', '-']",0,0,0,0,0,0.0,280000
14,Villarreal CF,Gerard Moreno,DL,9,40,0,0,128,7.5,"['15', '-', '2', '-', '-']",15,0,2,0,0,3.4,13170000
14,Villarreal CF,Boulaye Dia,DL,6,34,0,0,110,4.8,"['-', '2', '-', '3', '2']",0,2,0,3,2,1.4,2860000
14,Villarreal CF,Alcácer,DL,7,23,0,0,50,3.3,"['5', '-', '-', '4', '1']",5,0,0,4,1,2.0,1950000
14,Villarreal CF,Nicolas Jackson,DL,6,0,0,0,16,4,"['-', '-', '3', '-', '5']",0,0,3,0,5,1.6,350000
15,Valencia CF,Mamardashvili,PT,33,49,11,6,91,5.4,"['1', '-', '-', '6', '11']",1,0,0,6,11,3.6,1770000
15,Valencia CF,Cillessen,PT,31,46,1,0,59,3.7,"['-', '2', '1', '-', '-']",0,2,1,0,0,0.6,840000
15,Valencia CF,Jaume Doménech,PT,27,6,2,0,4,1.3,"['-', '-', '4', '-', '-']",0,0,4,0,0,0.8,260000
15,Valencia CF,Omar Alderete,DF,29,74,11,5,118,4.4,"['-', '-', '4', '5', '5']",0,0,4,5,5,2.8,2970000
15,Valencia CF,Gabriel Paulista,DF,26,51,0,1,100,5.6,"['-', '-', '-', '4', '3']",0,0,0,4,3,1.4,5020000
15,Valencia CF,Gayà,DF,29,57,7,1,82,3.7,"['2', '2', '2', '-6', '-']",2,2,2,-6,0,0.0,4050000
15,Valencia CF,Diakhaby,DF,22,54,2,4,80,3,"['4', '-', '4', '1', '2']",4,0,4,1,2,2.2,1000000
15,Valencia CF,Foulquier,DF,27,69,0,1,80,2.9,"['6', '-', '1', '3', '2']",6,0,1,3,2,2.4,1300000
15,Valencia CF,Thierry Correia,DF,26,43,3,1,62,3.9,"['-', '5', '4', '7', '4']",0,5,4,7,4,4.0,1770000
15,Valencia CF,Jesús Vázquez,DF,19,20,1,1,43,3.3,"['2', '5', '-', '2', '5']",2,5,0,2,5,2.8,890000
15,Valencia CF,Lato,DF,18,20,2,1,29,2.6,"['-', '-', '2', '-', '-']",0,0,2,0,0,0.4,400000
15,Valencia CF,Cömert,DF,17,11,0,0,11,1.6,"['-', '0', '-', '-', '-']",0,0,0,0,0,0.0,1070000
15,Valencia CF,Cristhian Mosquera,DF,16,9,0,1,7,1.2,"['2', '2', '1', '-', '-']",2,2,1,0,0,1.0,350000
15,Valencia CF,Rubén Iranzo,DF,16,3,0,0,3,1,"['-', '1', '-', '-', '-']",0,1,0,0,0,0.2,230000
15,Valencia CF,Carlos Soler,MD,26,71,1,0,195,6.7,"['7', '2', '-', '6', '7']",7,2,0,6,7,4.4,11760000
15,Valencia CF,Guillamón,MD,22,80,0,1,88,2.8,"['5', '-', '5', '4', '-1']",5,0,5,4,-1,2.6,2150000
15,Valencia CF,Racic,MD,25,31,0,0,65,2.6,"['5', '6', '2', '5', '2']",5,6,2,5,2,4.0,780000
15,Valencia CF,Yunus Musah,MD,14,37,0,0,64,2.5,"['-', '1', '6', '-', '4']",0,1,6,0,4,2.2,710000
15,Valencia CF,Hélder Costa,MD,10,37,0,1,43,2,"['1', '2', '-', '-', '-']",1,2,0,0,0,0.6,610000
15,Valencia CF,Denis Cheryshev,MD,11,14,0,1,41,2.9,"['2', '2', '-', '-', '-']",2,2,0,0,0,0.8,680000
15,Valencia CF,Bryan Gil,MD,27,20,1,2,33,3.3,"['3', '-', '-', '-', '-']",3,0,0,0,0,0.6,6950000
15,Valencia CF,Ilaix Moriba,MD,11,17,0,0,24,2.2,"['5', '3', '-', '-', '1']",5,3,0,0,1,1.8,1950000
15,Valencia CF,Koba,MD,14,3,0,1,21,2.1,"['-', '2', '-', '-', '-']",0,2,0,0,0,0.4,320000
15,Valencia CF,Jesús Santiago,MD,7,0,0,0,2,1,"['-', '2', '-', '-', '-']",0,2,0,0,0,0.4,200000
15,Valencia CF,Guedes,DL,6,86,1,0,213,6.5,"['7', '-', '11', '3', '2']",7,0,11,3,2,4.6,13420000
15,Valencia CF,Hugo Duro,DL,6,60,0,0,115,3.8,"['2', '-', '2', '8', '-']",2,0,2,8,0,2.4,4820000
15,Valencia CF,Maxi Gómez,DL,3,54,0,0,99,3.8,"['-', '-', '-', '2', '2']",0,0,0,2,2,0.8,2840000
15,Valencia CF,Marcos André,DL,10,17,0,0,83,3.1,"['2', '3', '2', '-', '-']",2,3,2,0,0,1.4,930000
16,Deportivo Alavés,Pacheco,PT,35,91,1,3,119,3.7,"['8', '1', '-1', '4', '0']",8,1,-1,4,0,2.4,1840000
16,Deportivo Alavés,Sivera,PT,35,6,13,3,8,2.7,"['-', '-', '-', '-', '-']",0,0,0,0,0,0.0,250000
16,Deportivo Alavés,Owono,PT,32,3,3,1,3,3,"['-', '-', '-', '-', '-']",0,0,0,0,0,0.0,210000
16,Deportivo Alavés,Laguardia,DF,32,91,0,0,128,4,"['5', '2', '4', '12', '-1']",5,2,4,12,-1,4.4,2410000
16,Deportivo Alavés,Rubén Duarte,DF,31,80,0,4,114,3.7,"['5', '3', '-1', '7', '-']",5,3,-1,7,0,2.8,1730000
16,Deportivo Alavés,Lejeune,DF,27,77,0,0,90,3.3,"['6', '4', '-', '4', '1']",6,4,0,4,1,3.0,1480000
16,Deportivo Alavés,Martín Aguirregabiria,DF,30,46,2,0,60,2.7,"['2', '2', '-1', '2', '2']",2,2,-1,2,2,1.4,680000
16,Deportivo Alavés,Miazga,DF,31,26,1,1,42,3.8,"['-', '-', '-2', '-', '-']",0,0,-2,0,0,-0.4,530000
16,Deportivo Alavés,Nahuel Tenaglia,DF,27,29,0,1,39,3.5,"['5', '-', '-', '-', '1']",5,0,0,0,1,1.2,1040000
16,Deportivo Alavés,Ximo Navarro,DF,22,40,0,1,31,1.9,"['8', '2', '-', '2', '-7']",8,2,0,2,-7,1.0,610000
16,Deportivo Alavés,Javi López Carballo,DF,28,11,0,0,13,1.6,"['-', '-', '2', '-', '2']",0,0,2,0,2,0.8,280000
16,Deportivo Alavés,Saúl García,DF,24,0,1,0,3,3,"['-', '-', '-', '-', '-']",0,0,0,0,0,0.0,280000
16,Deportivo Alavés,Alexandru Tirlea,DF,16,0,0,0,2,2,"['-', '-', '-', '-', '-']",0,0,0,0,0,0.0,250000
16,Deportivo Alavés,Keller,DF,15,0,4,0,0,0,"['-', '-', '-', '-', '-']",0,0,0,0,0,0.0,250000
16,Deportivo Alavés,Luis Rioja,MD,11,97,0,0,109,3.1,"['2', '3', '2', '2', '2']",2,3,2,2,2,2.2,2410000
16,Deportivo Alavés,Mamadou Loum,MD,22,69,0,1,105,3.5,"['2', '4', '-', '5', '2']",2,4,0,5,2,2.6,1760000
16,Deportivo Alavés,Edgar Méndez,MD,11,49,0,0,88,2.8,"['5', '2', '2', '2', '0']",5,2,2,2,0,2.2,1040000
16,Deportivo Alavés,Toni Moya,MD,19,49,0,1,80,3,"['-', '-', '2', '-', '3']",0,0,2,0,3,1.0,810000
16,Deportivo Alavés,Manu García Alonso,MD,11,26,0,0,75,3.4,"['6', '2', '1', '2', '-']",6,2,1,2,0,2.2,720000
16,Deportivo Alavés,Gonzalo Escalante,MD,21,37,0,0,73,4.9,"['4', '4', '0', '10', '-']",4,4,0,10,0,3.6,3170000
16,Deportivo Alavés,Tomás Pina,MD,8,46,0,0,70,2.5,"['2', '4', '2', '2', '2']",2,4,2,2,2,2.4,700000
16,Deportivo Alavés,Pere Pons,MD,13,43,0,0,53,2.2,"['-', '-', '-', '4', '2']",0,0,0,4,2,1.2,600000
16,Deportivo Alavés,Facundo Pellistri,MD,9,17,1,1,41,2,"['-', '3', '-', '-', '-']",0,3,0,0,0,0.6,460000
16,Deportivo Alavés,Jason,MD,10,23,0,0,39,2.4,"['2', '-', '2', '2', '-']",2,0,2,2,0,1.2,870000
16,Deportivo Alavés,Tomás Mendes,MD,5,0,0,0,0,0,"['-', '-', '-', '-', '2']",0,0,0,0,2,0.4,160000
16,Deportivo Alavés,Joselu,DL,3,94,0,0,235,6.7,"['12', '7', '4', '9', '4']",12,7,4,9,4,7.2,12660000
16,Deportivo Alavés,Manu Vallejo,DL,6,6,0,0,49,2.7,"['-', '-', '-', '-', '2']",0,0,0,0,2,0.4,1090000
16,Deportivo Alavés,Miguel de la Fuente,DL,1,20,0,0,45,2.4,"['2', '2', '2', '-', '-']",2,2,2,0,0,1.2,420000
16,Deportivo Alavés,Guidetti,DL,1,6,0,0,27,2.7,"['-', '2', '-', '-', '-']",0,2,0,0,0,0.4,410000
17,Cádiz CF,Jeremías Ledesma,PT,35,100,0,0,173,4.9,"['12', '9', '7', '6', '8']",12,9,7,6,8,8.4,3050000
17,Cádiz CF,David Gil,PT,34,0,2,2,0,0,"['-', '-', '-', '-', '-']",0,0,0,0,0,0.0,200000
17,Cádiz CF,Espino,DF,31,97,7,2,139,4.1,"['0', '2', '3', '2', '5']",0,2,3,2,5,2.4,3160000
17,Cádiz CF,Fali,DF,26,60,0,2,90,3.5,"['8', '4', '2', '5', '4']",8,4,2,5,4,4.6,1080000
17,Cádiz CF,Akapo,DF,28,54,6,2,86,3.7,"['4', '0', '-', '4', '4']",4,0,0,4,4,2.4,1330000
17,Cádiz CF,Víctor Chust,DF,29,54,3,2,78,3.3,"['2', '2', '2', '-', '2']",2,2,2,0,2,1.6,1370000
17,Cádiz CF,Iza Carcelén,DF,24,46,0,0,65,3,"['-', '-', '1', '-', '2']",0,0,1,0,2,0.6,780000
17,Cádiz CF,Varazdat Haroyan,DF,23,46,0,0,64,3.8,"['-', '-', '-', '-', '-']",0,0,0,0,0,0.0,450000
17,Cádiz CF,Luis Hernández,DF,22,34,2,1,58,4.5,"['6', '4', '-', '2', '6']",6,4,0,2,6,3.6,1920000
17,Cádiz CF,Arzamendia,DF,22,14,0,1,36,2.6,"['2', '-', '2', '4', '-']",2,0,2,4,0,1.6,470000
17,Cádiz CF,Cala,DF,30,29,3,1,24,1.8,"['-', '-', '0', '-', '-']",0,0,0,0,0,0.0,450000
17,Cádiz CF,Raúl Parra,DF,17,3,1,0,3,1.5,"['3', '-', '0', '-', '-']",3,0,0,0,0,0.6,210000
17,Cádiz CF,Álex Fernández,MD,22,54,0,0,109,3.8,"['2', '5', '2', '5', '8']",2,5,2,5,8,4.4,2360000
17,Cádiz CF,Jens Jonsson,MD,21,49,0,1,85,3.9,"['6', '-', '-', '2', '-']",6,0,0,2,0,1.6,880000
17,Cádiz CF,Tomás Alarcón,MD,13,43,0,0,83,4,"['-', '-', '-', '3', '3']",0,0,0,3,3,1.2,1090000
17,Cádiz CF,Salvi,MD,19,49,2,2,71,3.2,"['2', '-', '2', '2', '-']",2,0,2,2,0,1.2,880000
17,Cádiz CF,Iván Alejo,MD,13,31,0,0,69,3.6,"['4', '7', '11', '2', '0']",4,7,11,2,0,4.8,900000
17,Cádiz CF,Rubén Alcaraz,MD,11,29,2,0,68,6.2,"['-', '4', '-', '-', '-']",0,4,0,0,0,0.8,4260000
17,Cádiz CF,Alberto Perea,MD,12,23,0,0,49,2.7,"['-', '-', '2', '-', '-']",0,0,2,0,0,0.4,590000
17,Cádiz CF,Fede San Emeterio,MD,12,29,3,2,32,2.7,"['2', '0', '4', '2', '-']",2,0,4,2,0,1.6,740000
17,Cádiz CF,José Mari,MD,18,9,0,1,23,2.9,"['4', '3', '-', '5', '4']",4,3,0,5,4,3.2,470000
17,Cádiz CF,Álvaro Bastida,MD,9,6,1,1,14,2,"['-', '-', '-', '-', '-']",0,0,0,0,0,0.0,270000
17,Cádiz CF,Kike Carrasco,MD,14,0,1,0,0,0,"['-', '-', '-', '-', '-']",0,0,0,0,0,0.0,220000
17,Cádiz CF,Negredo,DL,9,63,0,0,164,5.3,"['-', '11', '14', '4', '12']",0,11,14,4,12,8.2,6290000
17,Cádiz CF,Lucas Pérez,DL,8,69,0,0,126,4.2,"['7', '11', '2', '10', '8']",7,11,2,10,8,7.6,7080000
17,Cádiz CF,Choco Lozano,DL,10,60,0,0,119,4.3,"['-', '4', '1', '-', '9']",0,4,1,0,9,2.8,2280000
17,Cádiz CF,Sobrino,DL,6,46,0,0,95,3.1,"['0', '8', '2', '4', '8']",0,8,2,4,8,4.4,1410000
17,Cádiz CF,Idrissi,DL,9,29,0,0,60,4.3,"['-', '6', '-', '-', '5']",0,6,0,0,5,2.2,2090000
17,Cádiz CF,Iván Chapela,DL,5,11,0,0,23,2.6,"['-', '-', '-', '-', '-']",0,0,0,0,0,0.0,320000
17,Cádiz CF,Florin Andone,DL,3,3,0,0,13,2.6,"['-', '-', '-', '-', '-']",0,0,0,0,0,0.0,380000
18,Elche CF,Édgar Badía,PT,32,66,2,5,109,4.7,"['9', '9', '10', '3', '1']",9,9,10,3,1,6.4,2380000
18,Elche CF,Kiko Casilla,PT,29,34,0,0,59,4.9,"['-', '-', '-', '-', '-']",0,0,0,0,0,0.0,410000
18,Elche CF,Johan Mojica,DF,31,89,5,5,136,4.3,"['12', '6', '5', '2', '-']",12,6,5,2,0,5.0,5140000
18,Elche CF,Enzo Roco,DF,27,74,1,0,104,3.9,"['8', '5', '-', '4', '-']",8,5,0,4,0,3.4,1690000
18,Elche CF,Helibelton Palacios,DF,23,60,0,0,91,3.6,"['-', '1', '-', '-', '6']",0,1,0,0,6,1.4,740000
18,Elche CF,Bigas,DF,25,49,0,0,75,4.4,"['12', '-', '-', '3', '2']",12,0,0,3,2,3.4,870000
18,Elche CF,Diego González,DF,23,51,7,3,65,2.4,"['5', '4', '4', '2', '-']",5,4,4,2,0,3.0,910000
18,Elche CF,Gonzalo Verdú,DF,27,46,0,0,64,3.4,"['-', '4', '4', '0', '-']",0,4,4,0,0,1.6,1080000
18,Elche CF,Barragán,DF,28,34,0,4,42,2.6,"['-', '2', '5', '-', '2']",0,2,5,0,2,1.8,340000
18,Elche CF,Lucas Olaza,DF,28,3,0,0,9,3,"['-', '3', '-', '-', '-']",0,3,0,0,0,0.6,880000
18,Elche CF,John Donald,DF,17,0,1,0,0,0,"['-', '-', '-', '-', '-']",0,0,0,0,0,0.0,240000
18,Elche CF,Fidel,MD,29,80,3,3,139,4.5,"['7', '3', '-', '5', '2']",7,3,0,5,2,3.4,3750000
18,Elche CF,Tete Morente,MD,19,46,0,0,109,3.8,"['2', '10', '2', '2', '1']",2,10,2,2,1,3.4,2310000
18,Elche CF,Josan,MD,18,26,2,1,99,3.5,"['6', '8', '2', '4', '5']",6,8,2,4,5,5.0,1240000
18,Elche CF,Gumbau,MD,30,49,8,3,97,3.5,"['4', '-', '4', '6', '3']",4,0,4,6,3,3.4,1420000
18,Elche CF,Omar Mascarell,MD,12,80,0,0,96,3.3,"['4', '8', '7', '7', '2']",4,8,7,7,2,5.6,1070000
18,Elche CF,Raúl Guti,MD,16,49,0,0,66,2.4,"['1', '2', '-', '2', '4']",1,2,0,2,4,1.8,740000
18,Elche CF,Iván Marcone,MD,28,26,2,2,50,2.6,"['-', '-', '3', '-', '2']",0,0,3,0,2,1.0,440000
18,Elche CF,Kike Pérez,MD,26,11,2,0,23,2.6,"['-', '-', '-', '-', '-']",0,0,0,0,0,0.0,400000
18,Elche CF,Piatti,MD,19,6,0,0,23,2.6,"['3', '-2', '-', '2', '3']",3,-2,0,2,3,1.2,380000
18,Elche CF,Pastore,MD,14,14,2,1,23,2.3,"['2', '-', '-', '-', '2']",2,0,0,0,2,0.8,670000
18,Elche CF,Pere Milla,DL,11,43,1,0,127,4.2,"['2', '2', '2', '9', '3']",2,2,2,9,3,3.6,4210000
18,Elche CF,Lucas Boyé,DL,10,60,0,0,121,5.3,"['-', '-', '8', '-', '-']",0,0,8,0,0,1.6,4090000
18,Elche CF,Guido Carrillo,DL,9,26,0,0,83,3.2,"['-', '-', '4', '3', '4']",0,0,4,3,4,2.2,1150000
18,Elche CF,Ezequiel Ponce,DL,9,14,0,0,20,1.8,"['2', '2', '-', '1', '-10']",2,2,0,1,-10,-1.0,1350000
19,RC Celta de Vigo,Matías Dituro,PT,35,100,0,0,173,4.9,"['8', '1', '5', '7', '6']",8,1,5,7,6,5.4,4060000
19,RC Celta de Vigo,Rubén Blanco,PT,34,0,0,3,0,0,"['-', '-', '-', '-', '-']",0,0,0,0,0,0.0,300000
19,RC Celta de Vigo,Javi Galán,DF,34,97,16,4,149,4.4,"['6', '3', '6', '2', '10']",6,3,6,2,10,5.4,4430000
19,RC Celta de Vigo,Aidoo,DF,34,77,4,5,103,3.6,"['5', '4', '8', '4', '4']",5,4,8,4,4,5.0,2050000
19,RC Celta de Vigo,Néstor Araujo,DF,35,74,3,5,98,3.2,"['4', '5', '4', '2', '5']",4,5,4,2,5,4.0,1400000
19,RC Celta de Vigo,Hugo Mallo,DF,33,60,7,3,87,4.1,"['-', '-', '13', '-', '-']",0,0,13,0,0,2.6,2430000
19,RC Celta de Vigo,Kevin Vázquez,DF,35,37,1,0,66,4.7,"['6', '2', '-', '4', '8']",6,2,0,4,8,4.0,1670000
19,RC Celta de Vigo,Jeison Murillo,DF,29,34,0,0,55,3.2,"['2', '-', '-', '-', '-']",2,0,0,0,0,0.4,840000
19,RC Celta de Vigo,Carlos Domínguez,DF,31,9,0,0,21,3,"['-', '-', '-', '1', '-']",0,0,0,1,0,0.2,290000
19,RC Celta de Vigo,José Fontán,DF,21,9,1,1,11,1.8,"['-', '-', '-', '-', '-']",0,0,0,0,0,0.0,340000
19,RC Celta de Vigo,Denis Suárez,MD,32,86,4,3,173,4.9,"['5', '4', '3', '6', '12']",5,4,3,6,12,6.0,5580000
19,RC Celta de Vigo,Fran Beltrán,MD,31,83,2,0,151,4.3,"['12', '4', '3', '1', '5']",12,4,3,1,5,5.0,3830000
19,RC Celta de Vigo,Brais Méndez,MD,27,94,0,0,149,4.4,"['8', '2', '4', '2', '0']",8,2,4,2,0,3.2,4770000
19,RC Celta de Vigo,Franco Cervi,MD,14,57,0,1,141,4.4,"['5', '2', '7', '6', '12']",5,2,7,6,12,6.4,3530000
19,RC Celta de Vigo,Nolito,MD,17,40,0,0,87,2.8,"['2', '3', '4', '4', '5']",2,3,4,4,5,3.6,1750000
19,RC Celta de Vigo,Renato Tapia,MD,28,37,2,1,79,2.9,"['2', '-', '2', '2', '2']",2,0,2,2,2,1.6,1140000
19,RC Celta de Vigo,Augusto Solari,MD,7,6,0,0,43,1.9,"['-', '2', '1', '-', '5']",0,2,1,0,5,1.6,400000
19,RC Celta de Vigo,Orbelín Pineda,MD,6,0,0,0,2,2,"['-', '2', '-', '-', '4']",0,2,0,0,4,1.2,1010000
19,RC Celta de Vigo,Gabriel Veiga,MD,23,0,0,0,4,1,"['-', '-', '-', '-2', '2']",0,0,0,-2,2,0.0,250000
19,RC Celta de Vigo,Hugo Álvarez,MD,8,0,0,0,0,0,"['-', '-', '-', '-', '-']",0,0,0,0,0,0.0,260000
19,RC Celta de Vigo,Holsgrove,MD,6,0,0,0,0,0,"['-', '-', '-', '-', '-']",0,0,0,0,0,0.0,250000
19,RC Celta de Vigo,Alfonso González,MD,4,0,0,0,0,0,"['-', '-', '-', '-', '-']",0,0,0,0,0,0.0,340000
19,RC Celta de Vigo,Iago Aspas,DL,1,94,0,0,263,7.7,"['10', '2', '7', '10', '19']",10,2,7,10,19,9.6,16100000
19,RC Celta de Vigo,Santi Mina,DL,1,86,0,0,161,4.9,"['3', '4', '10', '6', '-']",3,4,10,6,0,4.6,5960000
19,RC Celta de Vigo,Thiago Galhardo,DL,1,17,0,0,88,3.1,"['-', '3', '4', '2', '10']",0,3,4,2,10,3.8,1970000
19,RC Celta de Vigo,Íker Losada,DL,0,0,0,0,0,0,"['-', '-', '-', '-', '-']",0,0,0,0,0,0.0,310000
19,RC Celta de Vigo,Miguel Rodríguez,DL,0,0,0,0,0,0,"['-', '-', '-', '-', '-']",0,0,0,0,0,0.0,210000
19,RC Celta de Vigo,Lautaro de León,DL,0,0,0,0,0,0,"['-', '-', '-', '-', '-']",0,0,0,0,0,0.0,300000
20,Sevilla FC,Bono,PT,31,83,3,0,156,5.4,"['0', '4', '-', '2', '8']",0,4,0,2,8,2.8,4710000
20,Sevilla FC,Dmitrovic,PT,29,14,0,2,28,5.6,"['-', '-', '-', '-', '-']",0,0,0,0,0,0.0,900000
20,Sevilla FC,Javi Díaz,PT,34,3,0,1,2,2,"['-', '-', '2', '-', '-']",0,0,2,0,0,0.4,200000
20,Sevilla FC,Diego Carlos,DF,29,89,2,1,170,5.5,"['2', '2', '8', '4', '3']",2,2,8,4,3,3.8,8100000
20,Sevilla FC,Kounde,DF,32,80,4,6,156,5.4,"['4', '11', '-', '9', '13']",4,11,0,9,13,7.4,7630000
20,Sevilla FC,Marcos Acuña,DF,28,66,1,3,142,5.1,"['2', '2', '2', '4', '-1']",2,2,2,4,-1,1.8,5450000
20,Sevilla FC,Jesús Navas,DF,27,49,6,4,101,4.6,"['1', '2', '-', '4', '1']",1,2,0,4,1,1.6,6210000
20,Sevilla FC,Gonzalo Montiel,DF,24,40,1,1,65,3.8,"['-', '2', '2', '-', '2']",0,2,2,0,2,1.2,1370000
20,Sevilla FC,Augustinsson,DF,31,26,9,0,60,3.2,"['3', '1', '-', '-', '-']",3,1,0,0,0,0.8,730000
20,Sevilla FC,Rekik,DF,26,31,5,1,54,3.4,"['-', '-', '4', '-', '-']",0,0,4,0,0,0.8,830000
20,Sevilla FC,José Ángel Carmona,DF,22,0,0,3,3,3,"['-', '-', '-', '-', '-']",0,0,0,0,0,0.0,250000
20,Sevilla FC,Rakitic,MD,17,71,1,2,186,5.8,"['10', '10', '9', '7', '4']",10,10,9,7,4,8.0,8400000
20,Sevilla FC,Joan Jordan,MD,23,83,2,1,138,4.1,"['2', '4', '4', '2', '5']",2,4,4,2,5,3.4,5140000
20,Sevilla FC,Papu Gómez,MD,20,49,4,1,122,4.7,"['2', '4', '4', '2', '5']",2,4,4,2,5,3.4,5170000
20,Sevilla FC,Fernando Reges,MD,16,60,0,2,104,4.3,"['-', '-', '5', '-', '-']",0,0,5,0,0,1.0,3150000
20,Sevilla FC,Delaney,MD,15,37,2,4,97,4.2,"['-', '4', '-', '2', '3']",0,4,0,2,3,1.8,2690000
20,Sevilla FC,Óliver Torres,MD,24,29,2,2,82,3.4,"['2', '1', '6', '4', '1']",2,1,6,4,1,2.8,1390000
20,Sevilla FC,Gudelj,MD,19,20,0,1,70,3.7,"['2', '-', '-', '-', '4']",2,0,0,0,4,1.2,830000
20,Sevilla FC,Pedro Ortiz,MD,18,0,5,1,5,5,"['-', '-', '-', '-', '-']",0,0,0,0,0,0.0,250000
20,Sevilla FC,Luismi Cruz,MD,19,0,0,0,3,3,"['-', '-', '-', '-', '-']",0,0,0,0,0,0.0,310000
20,Sevilla FC,Juanlu Sánchez,MD,8,0,0,1,2,2,"['-', '-', '-', '-', '-']",0,0,0,0,0,0.0,300000
20,Sevilla FC,Rafa Mir,DL,8,49,0,1,126,4.1,"['-1', '4', '2', '-', '0']",-1,4,2,0,0,1.0,6840000
20,Sevilla FC,Ocampos,DL,5,63,0,0,123,4.6,"['2', '12', '6', '4', '-']",2,12,6,4,0,4.8,8190000
20,Sevilla FC,Erik Lamela,DL,16,23,2,0,95,5.3,"['8', '-', '-', '5', '2']",8,0,0,5,2,3.0,6000000
20,Sevilla FC,En-Nesyri,DL,11,37,0,0,75,3.8,"['-', '2', '-', '8', '5']",0,2,0,8,5,3.0,5070000
20,Sevilla FC,Jesús Corona,DL,5,29,0,0,67,4.5,"['5', '16', '-2', '2', '3']",5,16,-2,2,3,4.8,8720000
20,Sevilla FC,Munir El Haddadi,DL,5,11,0,0,54,3.4,"['-', '-', '-', '-', '-']",0,0,0,0,0,0.0,870000
20,Sevilla FC,Suso,DL,1,17,0,0,27,3.4,"['-', '-', '-', '-', '-']",0,0,0,0,0,0.0,880000
20,Sevilla FC,Martial,DL,1,20,0,0,18,2.3,"['2', '-', '-', '-', '-']",2,0,0,0,0,0.4,6520000
20,Sevilla FC,Iván Romero,DL,2,6,0,0,7,1.8,"['-', '-', '-', '2', '-']",0,0,0,2,0,0.4,270000
